Model,Silhouette Score
K-Means,0.8419838636582283
DBSCAN,-1.0
Hierarchical,0.8419838636582283
